Run,Assay Type,AvgSpotLen,Bases,BioProject,BioSample,BioSampleModel,Bytes,Center Name,Collection_Date,compartment,Consent,DATASTORE filetype,DATASTORE provider,DATASTORE region,Experiment,geo_loc_name_country,geo_loc_name_country_continent,geo_loc_name,HOST,Instrument,isolation_source,lat_lon,Library Name,LibraryLayout,LibrarySelection,LibrarySource,Organism,Platform,ReleaseDate,create_date,version,Sample Name,squirrel,SRA Study,type_group,weeks_post-emergence
SRR13048172,AMPLICON,300,900,PRJNA676170,SAMN16757465,Metagenome or environmental,80789,UNIVERSITY OF ALASKA ANCHORAGE,2017-10,ileum,public,"fastq,sra,run.zq","ncbi,s3,gs","gs.us-east1,s3.us-east-1,ncbi.public",SRX9497698,USA,North America,"USA: OshKosh\, WI",13-liner grown squirrel,Illumina MiSeq,ileum lumen,44.0262 N 88.5508 W,tgs21pe_ilum22,PAIRED,PCR,METAGENOMIC,gut metagenome,ILLUMINA,2020-11-12T00:00:00Z,2020-11-12T16:26:00Z,1,tgs21pe_ilum22,tgs1727,SRP292375,21pe_ilum,21pe
SRR13048173,AMPLICON,301,5167877,PRJNA676170,SAMN16757464,Metagenome or environmental,3660313,UNIVERSITY OF ALASKA ANCHORAGE,2017-10,ileum,public,"sra,fastq,run.zq","ncbi,s3,gs","s3.us-east-1,ncbi.public,gs.us-east1",SRX9497697,USA,North America,"USA: OshKosh\, WI",13-liner grown squirrel,Illumina MiSeq,ileum lumen,44.0262 N 88.5508 W,tgs21pe_ilum21,PAIRED,PCR,METAGENOMIC,gut metagenome,ILLUMINA,2020-11-12T00:00:00Z,2020-11-12T16:26:00Z,1,tgs21pe_ilum21,tgs1726,SRP292375,21pe_ilum,21pe
SRR13048174,AMPLICON,301,1332762,PRJNA676170,SAMN16757463,Metagenome or environmental,1012100,UNIVERSITY OF ALASKA ANCHORAGE,2017-10,ileum,public,"fastq,run.zq,sra","s3,ncbi,gs","s3.us-east-1,gs.us-east1,ncbi.public",SRX9497696,USA,North America,"USA: OshKosh\, WI",13-liner grown squirrel,Illumina MiSeq,ileum lumen,44.0262 N 88.5508 W,tgs21pe_ilum20,PAIRED,PCR,METAGENOMIC,gut metagenome,ILLUMINA,2020-11-12T00:00:00Z,2020-11-12T16:26:00Z,1,tgs21pe_ilum20,tgs1725,SRP292375,21pe_ilum,21pe
SRR13048175,AMPLICON,301,3841998,PRJNA676170,SAMN16757382,Metagenome or environmental,2762967,UNIVERSITY OF ALASKA ANCHORAGE,2017-07,cecum,public,"fastq,sra,run.zq","gs,s3,ncbi","gs.us-east1,s3.us-east-1,ncbi.public",SRX9497695,USA,North America,"USA: OshKosh\, WI",13-liner grown squirrel,Illumina MiSeq,cecum mucosa,44.0262 N 88.5508 W,tgs11pe_cmuc03,PAIRED,PCR,METAGENOMIC,gut metagenome,ILLUMINA,2020-11-12T00:00:00Z,2020-11-12T16:26:00Z,1,tgs11pe_cmuc03,tgs1703,SRP292375,11pe_cmuc,11pe
SRR13048176,AMPLICON,301,1535540,PRJNA676170,SAMN16757462,Metagenome or environmental,1168784,UNIVERSITY OF ALASKA ANCHORAGE,2017-10,ileum,public,"fastq,sra,run.zq","s3,ncbi,gs","s3.us-east-1,gs.us-east1,ncbi.public",SRX9497694,USA,North America,"USA: OshKosh\, WI",13-liner grown squirrel,Illumina MiSeq,ileum lumen,44.0262 N 88.5508 W,tgs21pe_ilum19,PAIRED,PCR,METAGENOMIC,gut metagenome,ILLUMINA,2020-11-12T00:00:00Z,2020-11-12T16:26:00Z,1,tgs21pe_ilum19,tgs1724,SRP292375,21pe_ilum,21pe
SRR13048177,AMPLICON,300,2161983,PRJNA676170,SAMN16757461,Metagenome or environmental,1579994,UNIVERSITY OF ALASKA ANCHORAGE,2017-10,ileum,public,"fastq,sra,run.zq","ncbi,s3,gs","ncbi.public,gs.us-east1,s3.us-east-1",SRX9497693,USA,North America,"USA: OshKosh\, WI",13-liner grown squirrel,Illumina MiSeq,ileum lumen,44.0262 N 88.5508 W,tgs21pe_ilum18,PAIRED,PCR,METAGENOMIC,gut metagenome,ILLUMINA,2020-11-12T00:00:00Z,2020-11-12T16:26:00Z,1,tgs21pe_ilum18,tgs1723,SRP292375,19pe_ilum,19pe
SRR13048178,AMPLICON,300,6495543,PRJNA676170,SAMN16757460,Metagenome or environmental,4702802,UNIVERSITY OF ALASKA ANCHORAGE,2017-10,ileum,public,"run.zq,sra,fastq","s3,ncbi,gs","s3.us-east-1,gs.us-east1,ncbi.public",SRX9497692,USA,North America,"USA: OshKosh\, WI",13-liner grown squirrel,Illumina MiSeq,ileum mucosa,44.0262 N 88.5508 W,tgs21pe_ilmuc23,PAIRED,PCR,METAGENOMIC,gut metagenome,ILLUMINA,2020-11-12T00:00:00Z,2020-11-12T16:26:00Z,1,tgs21pe_ilmuc23,tgs1729,SRP292375,21pe_ilmuc,21pe
SRR13048179,AMPLICON,300,2583685,PRJNA676170,SAMN16757459,Metagenome or environmental,1953244,UNIVERSITY OF ALASKA ANCHORAGE,2017-10,ileum,public,"run.zq,fastq,sra","gs,ncbi,s3","gs.us-east1,s3.us-east-1,ncbi.public",SRX9497691,USA,North America,"USA: OshKosh\, WI",13-liner grown squirrel,Illumina MiSeq,ileum mucosa,44.0262 N 88.5508 W,tgs21pe_ilmuc22,PAIRED,PCR,METAGENOMIC,gut metagenome,ILLUMINA,2020-11-12T00:00:00Z,2020-11-12T16:26:00Z,1,tgs21pe_ilmuc22,tgs1728,SRP292375,21pe_ilmuc,21pe
SRR13048180,AMPLICON,300,2418282,PRJNA676170,SAMN16757458,Metagenome or environmental,1791609,UNIVERSITY OF ALASKA ANCHORAGE,2017-10,ileum,public,"run.zq,sra,fastq","gs,ncbi,s3","s3.us-east-1,ncbi.public,gs.us-east1",SRX9497690,USA,North America,"USA: OshKosh\, WI",13-liner grown squirrel,Illumina MiSeq,ileum mucosa,44.0262 N 88.5508 W,tgs21pe_ilmuc21,PAIRED,PCR,METAGENOMIC,gut metagenome,ILLUMINA,2020-11-12T00:00:00Z,2020-11-12T16:26:00Z,1,tgs21pe_ilmuc21,tgs1727,SRP292375,21pe_ilmuc,21pe
SRR13048181,AMPLICON,300,6047109,PRJNA676170,SAMN16757457,Metagenome or environmental,4268699,UNIVERSITY OF ALASKA ANCHORAGE,2017-10,ileum,public,"run.zq,fastq,sra","ncbi,s3,gs","ncbi.public,s3.us-east-1,gs.us-east1",SRX9497689,USA,North America,"USA: OshKosh\, WI",13-liner grown squirrel,Illumina MiSeq,ileum mucosa,44.0262 N 88.5508 W,tgs21pe_ilmuc20,PAIRED,PCR,METAGENOMIC,gut metagenome,ILLUMINA,2020-11-12T00:00:00Z,2020-11-12T16:27:00Z,1,tgs21pe_ilmuc20,tgs1726,SRP292375,21pe_ilmuc,21pe
SRR13048182,AMPLICON,300,3651839,PRJNA676170,SAMN16757456,Metagenome or environmental,2734361,UNIVERSITY OF ALASKA ANCHORAGE,2017-10,ileum,public,"fastq,sra,run.zq","ncbi,gs,s3","ncbi.public,gs.us-east1,s3.us-east-1",SRX9497688,USA,North America,"USA: OshKosh\, WI",13-liner grown squirrel,Illumina MiSeq,ileum mucosa,44.0262 N 88.5508 W,tgs21pe_ilmuc19,PAIRED,PCR,METAGENOMIC,gut metagenome,ILLUMINA,2020-11-12T00:00:00Z,2020-11-12T16:26:00Z,1,tgs21pe_ilmuc19,tgs1725,SRP292375,21pe_ilmuc,21pe
SRR13048183,AMPLICON,300,3120348,PRJNA676170,SAMN16757455,Metagenome or environmental,2336107,UNIVERSITY OF ALASKA ANCHORAGE,2017-10,ileum,public,"run.zq,fastq,sra","gs,ncbi,s3","s3.us-east-1,ncbi.public,gs.us-east1",SRX9497687,USA,North America,"USA: OshKosh\, WI",13-liner grown squirrel,Illumina MiSeq,ileum mucosa,44.0262 N 88.5508 W,tgs21pe_ilmuc18,PAIRED,PCR,METAGENOMIC,gut metagenome,ILLUMINA,2020-11-12T00:00:00Z,2020-11-12T16:26:00Z,1,tgs21pe_ilmuc18,tgs1724,SRP292375,21pe_ilmuc,21pe
SRR13048184,AMPLICON,300,2226027,PRJNA676170,SAMN16757454,Metagenome or environmental,1639823,UNIVERSITY OF ALASKA ANCHORAGE,2017-10,ileum,public,"sra,run.zq,fastq","ncbi,gs,s3","gs.us-east1,ncbi.public,s3.us-east-1",SRX9497686,USA,North America,"USA: OshKosh\, WI",13-liner grown squirrel,Illumina MiSeq,ileum mucosa,44.0262 N 88.5508 W,tgs21pe_ilmuc17,PAIRED,PCR,METAGENOMIC,gut metagenome,ILLUMINA,2020-11-12T00:00:00Z,2020-11-12T16:26:00Z,1,tgs21pe_ilmuc17,tgs1723,SRP292375,19pe_ilmuc,19pe
SRR13048185,AMPLICON,301,6233635,PRJNA676170,SAMN16757453,Metagenome or environmental,4432374,UNIVERSITY OF ALASKA ANCHORAGE,2017-10,cecum,public,"fastq,sra,run.zq","s3,ncbi,gs","gs.us-east1,ncbi.public,s3.us-east-1",SRX9497685,USA,North America,"USA: OshKosh\, WI",13-liner grown squirrel,Illumina MiSeq,cecum mucosa,44.0262 N 88.5508 W,tgs21pe_cmuc23,PAIRED,PCR,METAGENOMIC,gut metagenome,ILLUMINA,2020-11-12T00:00:00Z,2020-11-12T16:27:00Z,1,tgs21pe_cmuc23,tgs1729,SRP292375,21pe_cmuc,21pe
SRR13048186,AMPLICON,301,11569429,PRJNA676170,SAMN16757381,Metagenome or environmental,8158041,UNIVERSITY OF ALASKA ANCHORAGE,2017-07,cecum,public,"sra,run.zq,fastq","s3,ncbi,gs","ncbi.public,s3.us-east-1,gs.us-east1",SRX9497684,USA,North America,"USA: OshKosh\, WI",13-liner grown squirrel,Illumina MiSeq,cecum mucosa,44.0262 N 88.5508 W,tgs11pe_cmuc02,PAIRED,PCR,METAGENOMIC,gut metagenome,ILLUMINA,2020-11-12T00:00:00Z,2020-11-12T16:27:00Z,1,tgs11pe_cmuc02,tgs1702,SRP292375,11pe_cmuc,11pe
SRR13048187,AMPLICON,301,5586926,PRJNA676170,SAMN16757452,Metagenome or environmental,3999188,UNIVERSITY OF ALASKA ANCHORAGE,2017-10,cecum,public,"fastq,run.zq,sra","s3,ncbi,gs","s3.us-east-1,ncbi.public,gs.us-east1",SRX9497683,USA,North America,"USA: OshKosh\, WI",13-liner grown squirrel,Illumina MiSeq,cecum mucosa,44.0262 N 88.5508 W,tgs21pe_cmuc22,PAIRED,PCR,METAGENOMIC,gut metagenome,ILLUMINA,2020-11-12T00:00:00Z,2020-11-12T16:27:00Z,1,tgs21pe_cmuc22,tgs1728,SRP292375,21pe_cmuc,21pe
SRR13048188,AMPLICON,301,7210734,PRJNA676170,SAMN16757451,Metagenome or environmental,5220349,UNIVERSITY OF ALASKA ANCHORAGE,2017-10,cecum,public,"run.zq,sra,fastq","s3,ncbi,gs","gs.us-east1,ncbi.public,s3.us-east-1",SRX9497682,USA,North America,"USA: OshKosh\, WI",13-liner grown squirrel,Illumina MiSeq,cecum mucosa,44.0262 N 88.5508 W,tgs21pe_cmuc21,PAIRED,PCR,METAGENOMIC,gut metagenome,ILLUMINA,2020-11-12T00:00:00Z,2020-11-12T16:27:00Z,1,tgs21pe_cmuc21,tgs1727,SRP292375,21pe_cmuc,21pe
SRR13048189,AMPLICON,301,18431585,PRJNA676170,SAMN16757450,Metagenome or environmental,12962868,UNIVERSITY OF ALASKA ANCHORAGE,2017-10,cecum,public,"fastq,run.zq,sra","ncbi,gs,s3","s3.us-east-1,ncbi.public,gs.us-east1",SRX9497681,USA,North America,"USA: OshKosh\, WI",13-liner grown squirrel,Illumina MiSeq,cecum mucosa,44.0262 N 88.5508 W,tgs21pe_cmuc19,PAIRED,PCR,METAGENOMIC,gut metagenome,ILLUMINA,2020-11-12T00:00:00Z,2020-11-12T16:27:00Z,1,tgs21pe_cmuc19,tgs1725,SRP292375,21pe_cmuc,21pe
SRR13048190,AMPLICON,301,15896748,PRJNA676170,SAMN16757449,Metagenome or environmental,11368395,UNIVERSITY OF ALASKA ANCHORAGE,2017-10,cecum,public,"run.zq,sra,fastq","ncbi,gs,s3","gs.us-east1,s3.us-east-1,ncbi.public",SRX9497680,USA,North America,"USA: OshKosh\, WI",13-liner grown squirrel,Illumina MiSeq,cecum mucosa,44.0262 N 88.5508 W,tgs21pe_cmuc18,PAIRED,PCR,METAGENOMIC,gut metagenome,ILLUMINA,2020-11-12T00:00:00Z,2020-11-12T16:27:00Z,1,tgs21pe_cmuc18,tgs1724,SRP292375,21pe_cmuc,21pe
SRR13048191,AMPLICON,301,6071824,PRJNA676170,SAMN16757448,Metagenome or environmental,4327390,UNIVERSITY OF ALASKA ANCHORAGE,2017-10,cecum,public,"fastq,sra,run.zq","ncbi,s3,gs","ncbi.public,s3.us-east-1,gs.us-east1",SRX9497679,USA,North America,"USA: OshKosh\, WI",13-liner grown squirrel,Illumina MiSeq,cecum mucosa,44.0262 N 88.5508 W,tgs21pe_cmuc17,PAIRED,PCR,METAGENOMIC,gut metagenome,ILLUMINA,2020-11-12T00:00:00Z,2020-11-12T16:27:00Z,1,tgs21pe_cmuc17,tgs1723,SRP292375,19pe_cmuc,19pe
SRR13048192,AMPLICON,301,8947264,PRJNA676170,SAMN16757447,Metagenome or environmental,6396205,UNIVERSITY OF ALASKA ANCHORAGE,2017-10,cecum,public,"run.zq,fastq,sra","gs,ncbi,s3","gs.us-east1,ncbi.public,s3.us-east-1",SRX9497678,USA,North America,"USA: OshKosh\, WI",13-liner grown squirrel,Illumina MiSeq,cecum mucosa,44.0262 N 88.5508 W,tgs21pe_cmuc16,PAIRED,PCR,METAGENOMIC,gut metagenome,ILLUMINA,2020-11-12T00:00:00Z,2020-11-12T16:27:00Z,1,tgs21pe_cmuc16,tgs1722,SRP292375,19pe_cmuc,19pe
SRR13048193,AMPLICON,301,21350865,PRJNA676170,SAMN16757446,Metagenome or environmental,14805349,UNIVERSITY OF ALASKA ANCHORAGE,2017-10,cecum,public,"sra,run.zq,fastq","ncbi,s3,gs","s3.us-east-1,gs.us-east1,ncbi.public",SRX9497677,USA,North America,"USA: OshKosh\, WI",13-liner grown squirrel,Illumina MiSeq,cecum lumen,44.0262 N 88.5508 W,tgs21pe_clum22,PAIRED,PCR,METAGENOMIC,gut metagenome,ILLUMINA,2020-11-12T00:00:00Z,2020-11-12T16:27:00Z,1,tgs21pe_clum22,tgs1728,SRP292375,21pe_clum,21pe
SRR13048194,AMPLICON,301,18089868,PRJNA676170,SAMN16757445,Metagenome or environmental,12776922,UNIVERSITY OF ALASKA ANCHORAGE,2017-10,cecum,public,"run.zq,sra,fastq","ncbi,gs,s3","ncbi.public,s3.us-east-1,gs.us-east1",SRX9497676,USA,North America,"USA: OshKosh\, WI",13-liner grown squirrel,Illumina MiSeq,cecum lumen,44.0262 N 88.5508 W,tgs21pe_clum21,PAIRED,PCR,METAGENOMIC,gut metagenome,ILLUMINA,2020-11-12T00:00:00Z,2020-11-12T16:27:00Z,1,tgs21pe_clum21,tgs1727,SRP292375,21pe_clum,21pe
SRR13048195,AMPLICON,301,28969310,PRJNA676170,SAMN16757444,Metagenome or environmental,20738947,UNIVERSITY OF ALASKA ANCHORAGE,2017-10,cecum,public,"fastq,run.zq,sra","gs,ncbi,s3","s3.us-east-1,ncbi.public,gs.us-east1",SRX9497675,USA,North America,"USA: OshKosh\, WI",13-liner grown squirrel,Illumina MiSeq,cecum lumen,44.0262 N 88.5508 W,tgs21pe_clum20,PAIRED,PCR,METAGENOMIC,gut metagenome,ILLUMINA,2020-11-12T00:00:00Z,2020-11-12T16:27:00Z,1,tgs21pe_clum20,tgs1726,SRP292375,21pe_clum,21pe
SRR13048196,AMPLICON,301,23430842,PRJNA676170,SAMN16757443,Metagenome or environmental,16376186,UNIVERSITY OF ALASKA ANCHORAGE,2017-10,cecum,public,"sra,fastq,run.zq","s3,gs,ncbi","gs.us-east1,s3.us-east-1,ncbi.public",SRX9497674,USA,North America,"USA: OshKosh\, WI",13-liner grown squirrel,Illumina MiSeq,cecum lumen,44.0262 N 88.5508 W,tgs21pe_clum19,PAIRED,PCR,METAGENOMIC,gut metagenome,ILLUMINA,2020-11-12T00:00:00Z,2020-11-12T16:27:00Z,1,tgs21pe_clum19,tgs1725,SRP292375,21pe_clum,21pe
SRR13048197,AMPLICON,301,3875185,PRJNA676170,SAMN16757380,Metagenome or environmental,2731939,UNIVERSITY OF ALASKA ANCHORAGE,2017-07,cecum,public,"fastq,sra,run.zq","gs,ncbi,s3","ncbi.public,s3.us-east-1,gs.us-east1",SRX9497673,USA,North America,"USA: OshKosh\, WI",13-liner grown squirrel,Illumina MiSeq,cecum mucosa,44.0262 N 88.5508 W,tgs11pe_cmuc01,PAIRED,PCR,METAGENOMIC,gut metagenome,ILLUMINA,2020-11-12T00:00:00Z,2020-11-12T16:27:00Z,1,tgs11pe_cmuc01,tgs1701,SRP292375,11pe_cmuc,11pe
SRR13048198,AMPLICON,301,43052530,PRJNA676170,SAMN16757442,Metagenome or environmental,30585318,UNIVERSITY OF ALASKA ANCHORAGE,2017-10,cecum,public,"run.zq,fastq,sra","gs,s3,ncbi","gs.us-east1,s3.us-east-1,ncbi.public",SRX9497672,USA,North America,"USA: OshKosh\, WI",13-liner grown squirrel,Illumina MiSeq,cecum lumen,44.0262 N 88.5508 W,tgs21pe_clum18,PAIRED,PCR,METAGENOMIC,gut metagenome,ILLUMINA,2020-11-12T00:00:00Z,2020-11-12T16:27:00Z,1,tgs21pe_clum18,tgs1724,SRP292375,21pe_clum,21pe
SRR13048199,AMPLICON,301,4449995,PRJNA676170,SAMN16757441,Metagenome or environmental,3160517,UNIVERSITY OF ALASKA ANCHORAGE,2017-10,cecum,public,"sra,run.zq,fastq","s3,gs,ncbi","ncbi.public,s3.us-east-1,gs.us-east1",SRX9497671,USA,North America,"USA: OshKosh\, WI",13-liner grown squirrel,Illumina MiSeq,cecum lumen,44.0262 N 88.5508 W,tgs21pe_clum17,PAIRED,PCR,METAGENOMIC,gut metagenome,ILLUMINA,2020-11-12T00:00:00Z,2020-11-12T16:27:00Z,1,tgs21pe_clum17,tgs1723,SRP292375,19pe_clum,19pe
SRR13048200,AMPLICON,300,4289605,PRJNA676170,SAMN16757440,Metagenome or environmental,2831430,UNIVERSITY OF ALASKA ANCHORAGE,2017-09,ileum,public,"run.zq,sra,fastq","s3,gs,ncbi","gs.us-east1,ncbi.public,s3.us-east-1",SRX9497670,USA,North America,"USA: OshKosh\, WI",13-liner grown squirrel,Illumina MiSeq,ileum lumen,44.0262 N 88.5508 W,tgs19pe_ilum17,PAIRED,PCR,METAGENOMIC,gut metagenome,ILLUMINA,2020-11-12T00:00:00Z,2020-11-12T16:27:00Z,1,tgs19pe_ilum17,tgs1722,SRP292375,19pe_ilum,19pe
SRR13048201,AMPLICON,301,3689694,PRJNA676170,SAMN16757439,Metagenome or environmental,2652649,UNIVERSITY OF ALASKA ANCHORAGE,2017-09,ileum,public,"sra,run.zq,fastq","gs,s3,ncbi","gs.us-east1,s3.us-east-1,ncbi.public",SRX9497669,USA,North America,"USA: OshKosh\, WI",13-liner grown squirrel,Illumina MiSeq,ileum lumen,44.0262 N 88.5508 W,tgs19pe_ilum16,PAIRED,PCR,METAGENOMIC,gut metagenome,ILLUMINA,2020-11-12T00:00:00Z,2020-11-12T16:27:00Z,1,tgs19pe_ilum16,tgs1721,SRP292375,19pe_ilum,19pe
SRR13048202,AMPLICON,301,1227967,PRJNA676170,SAMN16757438,Metagenome or environmental,964010,UNIVERSITY OF ALASKA ANCHORAGE,2017-09,ileum,public,"fastq,sra,run.zq","ncbi,gs,s3","s3.us-east-1,gs.us-east1,ncbi.public",SRX9497668,USA,North America,"USA: OshKosh\, WI",13-liner grown squirrel,Illumina MiSeq,ileum lumen,44.0262 N 88.5508 W,tgs19pe_ilum15,PAIRED,PCR,METAGENOMIC,gut metagenome,ILLUMINA,2020-11-12T00:00:00Z,2020-11-12T16:27:00Z,1,tgs19pe_ilum15,tgs1720,SRP292375,19pe_ilum,19pe
SRR13048203,AMPLICON,297,10421,PRJNA676170,SAMN16757437,Metagenome or environmental,89116,UNIVERSITY OF ALASKA ANCHORAGE,2017-09,ileum,public,"fastq,sra,run.zq","s3,ncbi,gs","s3.us-east-1,gs.us-east1,ncbi.public",SRX9497667,USA,North America,"USA: OshKosh\, WI",13-liner grown squirrel,Illumina MiSeq,ileum lumen,44.0262 N 88.5508 W,tgs19pe_ilum14,PAIRED,PCR,METAGENOMIC,gut metagenome,ILLUMINA,2020-11-12T00:00:00Z,2020-11-12T16:27:00Z,1,tgs19pe_ilum14,tgs1719,SRP292375,19pe_ilum,19pe
SRR13048204,AMPLICON,301,10209613,PRJNA676170,SAMN16757436,Metagenome or environmental,6877918,UNIVERSITY OF ALASKA ANCHORAGE,2017-09,ileum,public,"sra,run.zq,fastq","ncbi,gs,s3","gs.us-east1,ncbi.public,s3.us-east-1",SRX9497666,USA,North America,"USA: OshKosh\, WI",13-liner grown squirrel,Illumina MiSeq,ileum lumen,44.0262 N 88.5508 W,tgs19pe_ilum13,PAIRED,PCR,METAGENOMIC,gut metagenome,ILLUMINA,2020-11-12T00:00:00Z,2020-11-12T16:27:00Z,1,tgs19pe_ilum13,tgs1718,SRP292375,19pe_ilum,19pe
SRR13048205,AMPLICON,301,13406213,PRJNA676170,SAMN16757435,Metagenome or environmental,9229572,UNIVERSITY OF ALASKA ANCHORAGE,2017-09,ileum,public,"run.zq,fastq,sra","ncbi,s3,gs","ncbi.public,s3.us-east-1,gs.us-east1",SRX9497665,USA,North America,"USA: OshKosh\, WI",13-liner grown squirrel,Illumina MiSeq,ileum lumen,44.0262 N 88.5508 W,tgs19pe_ilum12,PAIRED,PCR,METAGENOMIC,gut metagenome,ILLUMINA,2020-11-12T00:00:00Z,2020-11-12T16:28:00Z,1,tgs19pe_ilum12,tgs1711,SRP292375,15pe_ilum,15pe
SRR13048206,AMPLICON,300,2550024,PRJNA676170,SAMN16757434,Metagenome or environmental,1835911,UNIVERSITY OF ALASKA ANCHORAGE,2017-09,ileum,public,"sra,fastq,run.zq","s3,gs,ncbi","s3.us-east-1,gs.us-east1,ncbi.public",SRX9497664,USA,North America,"USA: OshKosh\, WI",13-liner grown squirrel,Illumina MiSeq,ileum mucosa,44.0262 N 88.5508 W,tgs19pe_ilmuc16,PAIRED,PCR,METAGENOMIC,gut metagenome,ILLUMINA,2020-11-12T00:00:00Z,2020-11-12T16:27:00Z,1,tgs19pe_ilmuc16,tgs1722,SRP292375,19pe_ilmuc,19pe
SRR13048207,AMPLICON,300,5227180,PRJNA676170,SAMN16757433,Metagenome or environmental,3757174,UNIVERSITY OF ALASKA ANCHORAGE,2017-09,ileum,public,"sra,run.zq,fastq","gs,ncbi,s3","s3.us-east-1,ncbi.public,gs.us-east1",SRX9497663,USA,North America,"USA: OshKosh\, WI",13-liner grown squirrel,Illumina MiSeq,ileum mucosa,44.0262 N 88.5508 W,tgs19pe_ilmuc15,PAIRED,PCR,METAGENOMIC,gut metagenome,ILLUMINA,2020-11-12T00:00:00Z,2020-11-12T16:27:00Z,1,tgs19pe_ilmuc15,tgs1721,SRP292375,19pe_ilmuc,19pe
SRR13048208,AMPLICON,301,3884741,PRJNA676170,SAMN16757379,Metagenome or environmental,2797605,UNIVERSITY OF ALASKA ANCHORAGE,2017-07,cecum,public,"sra,run.zq,fastq","gs,s3,ncbi","s3.us-east-1,gs.us-east1,ncbi.public",SRX9497662,USA,North America,"USA: OshKosh\, WI",13-liner grown squirrel,Illumina MiSeq,cecum mucosa,44.0262 N 88.5508 W,tgs11pe_cmuc00,PAIRED,PCR,METAGENOMIC,gut metagenome,ILLUMINA,2020-11-12T00:00:00Z,2020-11-12T16:27:00Z,1,tgs11pe_cmuc00,tgs1700,SRP292375,11pe_cmuc,11pe
SRR13048209,AMPLICON,300,6157832,PRJNA676170,SAMN16757432,Metagenome or environmental,4214829,UNIVERSITY OF ALASKA ANCHORAGE,2017-09,ileum,public,"run.zq,fastq,sra","ncbi,gs,s3","s3.us-east-1,gs.us-east1,ncbi.public",SRX9497661,USA,North America,"USA: OshKosh\, WI",13-liner grown squirrel,Illumina MiSeq,ileum mucosa,44.0262 N 88.5508 W,tgs19pe_ilmuc14,PAIRED,PCR,METAGENOMIC,gut metagenome,ILLUMINA,2020-11-12T00:00:00Z,2020-11-12T16:27:00Z,1,tgs19pe_ilmuc14,tgs1720,SRP292375,19pe_ilmuc,19pe
SRR13048210,AMPLICON,300,7085418,PRJNA676170,SAMN16757431,Metagenome or environmental,4890444,UNIVERSITY OF ALASKA ANCHORAGE,2017-09,ileum,public,"fastq,sra,run.zq","s3,gs,ncbi","gs.us-east1,s3.us-east-1,ncbi.public",SRX9497660,USA,North America,"USA: OshKosh\, WI",13-liner grown squirrel,Illumina MiSeq,ileum mucosa,44.0262 N 88.5508 W,tgs19pe_ilmuc13,PAIRED,PCR,METAGENOMIC,gut metagenome,ILLUMINA,2020-11-12T00:00:00Z,2020-11-12T16:27:00Z,1,tgs19pe_ilmuc13,tgs1719,SRP292375,19pe_ilmuc,19pe
SRR13048211,AMPLICON,300,2043151,PRJNA676170,SAMN16757430,Metagenome or environmental,1456338,UNIVERSITY OF ALASKA ANCHORAGE,2017-09,ileum,public,"run.zq,sra,fastq","s3,ncbi,gs","gs.us-east1,ncbi.public,s3.us-east-1",SRX9497659,USA,North America,"USA: OshKosh\, WI",13-liner grown squirrel,Illumina MiSeq,ileum mucosa,44.0262 N 88.5508 W,tgs19pe_ilmuc12,PAIRED,PCR,METAGENOMIC,gut metagenome,ILLUMINA,2020-11-12T00:00:00Z,2020-11-12T16:27:00Z,1,tgs19pe_ilmuc12,tgs1718,SRP292375,19pe_ilmuc,19pe
SRR13048212,AMPLICON,301,7158131,PRJNA676170,SAMN16757429,Metagenome or environmental,5089161,UNIVERSITY OF ALASKA ANCHORAGE,2017-09,ileum,public,"run.zq,sra,fastq","s3,ncbi,gs","s3.us-east-1,gs.us-east1,ncbi.public",SRX9497658,USA,North America,"USA: OshKosh\, WI",13-liner grown squirrel,Illumina MiSeq,ileum mucosa,44.0262 N 88.5508 W,tgs19pe_ilmuc11,PAIRED,PCR,METAGENOMIC,gut metagenome,ILLUMINA,2020-11-12T00:00:00Z,2020-11-12T16:27:00Z,1,tgs19pe_ilmuc11,tgs1711,SRP292375,15pe_ilmuc,15pe
SRR13048213,AMPLICON,301,15299136,PRJNA676170,SAMN16757428,Metagenome or environmental,10723881,UNIVERSITY OF ALASKA ANCHORAGE,2017-09,cecum,public,"sra,fastq,run.zq","ncbi,s3,gs","s3.us-east-1,ncbi.public,gs.us-east1",SRX9497657,USA,North America,"USA: OshKosh\, WI",13-liner grown squirrel,Illumina MiSeq,cecum mucosa,44.0262 N 88.5508 W,tgs19pe_cmuc15,PAIRED,PCR,METAGENOMIC,gut metagenome,ILLUMINA,2020-11-12T00:00:00Z,2020-11-12T16:28:00Z,1,tgs19pe_cmuc15,tgs1721,SRP292375,19pe_cmuc,19pe
SRR13048214,AMPLICON,301,11141502,PRJNA676170,SAMN16757427,Metagenome or environmental,7569318,UNIVERSITY OF ALASKA ANCHORAGE,2017-09,cecum,public,"run.zq,fastq,sra","gs,s3,ncbi","s3.us-east-1,gs.us-east1,ncbi.public",SRX9497656,USA,North America,"USA: OshKosh\, WI",13-liner grown squirrel,Illumina MiSeq,cecum mucosa,44.0262 N 88.5508 W,tgs19pe_cmuc14,PAIRED,PCR,METAGENOMIC,gut metagenome,ILLUMINA,2020-11-12T00:00:00Z,2020-11-12T16:28:00Z,1,tgs19pe_cmuc14,tgs1720,SRP292375,19pe_cmuc,19pe
SRR13048215,AMPLICON,301,2408387,PRJNA676170,SAMN16757426,Metagenome or environmental,1762215,UNIVERSITY OF ALASKA ANCHORAGE,2017-09,cecum,public,"run.zq,fastq,sra","s3,ncbi,gs","s3.us-east-1,ncbi.public,gs.us-east1",SRX9497655,USA,North America,"USA: OshKosh\, WI",13-liner grown squirrel,Illumina MiSeq,cecum mucosa,44.0262 N 88.5508 W,tgs19pe_cmuc13,PAIRED,PCR,METAGENOMIC,gut metagenome,ILLUMINA,2020-11-12T00:00:00Z,2020-11-12T16:27:00Z,1,tgs19pe_cmuc13,tgs1719,SRP292375,19pe_cmuc,19pe
SRR13048216,AMPLICON,301,5141693,PRJNA676170,SAMN16757425,Metagenome or environmental,3637116,UNIVERSITY OF ALASKA ANCHORAGE,2017-09,cecum,public,"fastq,sra,run.zq","ncbi,gs,s3","gs.us-east1,s3.us-east-1,ncbi.public",SRX9497654,USA,North America,"USA: OshKosh\, WI",13-liner grown squirrel,Illumina MiSeq,cecum mucosa,44.0262 N 88.5508 W,tgs19pe_cmuc12,PAIRED,PCR,METAGENOMIC,gut metagenome,ILLUMINA,2020-11-12T00:00:00Z,2020-11-12T16:27:00Z,1,tgs19pe_cmuc12,tgs1718,SRP292375,19pe_cmuc,19pe
SRR13048217,AMPLICON,300,3999119,PRJNA676170,SAMN16757424,Metagenome or environmental,2818976,UNIVERSITY OF ALASKA ANCHORAGE,2017-09,cecum,public,"run.zq,fastq,sra","ncbi,s3,gs","gs.us-east1,s3.us-east-1,ncbi.public",SRX9497653,USA,North America,"USA: OshKosh\, WI",13-liner grown squirrel,Illumina MiSeq,cecum mucosa,44.0262 N 88.5508 W,tgs19pe_cmuc11,PAIRED,PCR,METAGENOMIC,gut metagenome,ILLUMINA,2020-11-12T00:00:00Z,2020-11-12T16:28:00Z,1,tgs19pe_cmuc11,tgs1711,SRP292375,15pe_cmuc,15pe
SRR13048218,AMPLICON,301,4985398,PRJNA676170,SAMN16757423,Metagenome or environmental,3506035,UNIVERSITY OF ALASKA ANCHORAGE,2017-09,cecum,public,"fastq,sra,run.zq","s3,gs,ncbi","s3.us-east-1,gs.us-east1,ncbi.public",SRX9497652,USA,North America,"USA: OshKosh\, WI",13-liner grown squirrel,Illumina MiSeq,cecum mucosa,44.0262 N 88.5508 W,tgs19pe_cmuc10,PAIRED,PCR,METAGENOMIC,gut metagenome,ILLUMINA,2020-11-12T00:00:00Z,2020-11-12T16:28:00Z,1,tgs19pe_cmuc10,tgs1710,SRP292375,15pe_cmuc,15pe
SRR13048219,AMPLICON,301,9573125,PRJNA676170,SAMN16757378,Metagenome or environmental,6949135,UNIVERSITY OF ALASKA ANCHORAGE,2017-07,cecum,public,"sra,run.zq,fastq","s3,ncbi,gs","s3.us-east-1,ncbi.public,gs.us-east1",SRX9497651,USA,North America,"USA: OshKosh\, WI",13-liner grown squirrel,Illumina MiSeq,cecum lumen,44.0262 N 88.5508 W,tgs11pe_clum23,PAIRED,PCR,METAGENOMIC,gut metagenome,ILLUMINA,2020-11-12T00:00:00Z,2020-11-12T16:28:00Z,1,tgs11pe_clum23,tgs1729,SRP292375,21pe_clum,21pe
SRR13048220,AMPLICON,301,9533820,PRJNA676170,SAMN16757422,Metagenome or environmental,6605612,UNIVERSITY OF ALASKA ANCHORAGE,2017-09,cecum,public,"sra,run.zq,fastq","ncbi,s3,gs","gs.us-east1,s3.us-east-1,ncbi.public",SRX9497650,USA,North America,"USA: OshKosh\, WI",13-liner grown squirrel,Illumina MiSeq,cecum lumen,44.0262 N 88.5508 W,tgs19pe_clum16,PAIRED,PCR,METAGENOMIC,gut metagenome,ILLUMINA,2020-11-12T00:00:00Z,2020-11-12T16:28:00Z,1,tgs19pe_clum16,tgs1722,SRP292375,19pe_clum,19pe
SRR13048221,AMPLICON,301,12784326,PRJNA676170,SAMN16757421,Metagenome or environmental,8946169,UNIVERSITY OF ALASKA ANCHORAGE,2017-09,cecum,public,"sra,run.zq,fastq","s3,ncbi,gs","ncbi.public,gs.us-east1,s3.us-east-1",SRX9497649,USA,North America,"USA: OshKosh\, WI",13-liner grown squirrel,Illumina MiSeq,cecum lumen,44.0262 N 88.5508 W,tgs19pe_clum15,PAIRED,PCR,METAGENOMIC,gut metagenome,ILLUMINA,2020-11-12T00:00:00Z,2020-11-12T16:28:00Z,1,tgs19pe_clum15,tgs1721,SRP292375,19pe_clum,19pe
SRR13048222,AMPLICON,301,17443944,PRJNA676170,SAMN16757420,Metagenome or environmental,12329933,UNIVERSITY OF ALASKA ANCHORAGE,2017-09,cecum,public,"sra,fastq,run.zq","gs,s3,ncbi","s3.us-east-1,gs.us-east1,ncbi.public",SRX9497648,USA,North America,"USA: OshKosh\, WI",13-liner grown squirrel,Illumina MiSeq,cecum lumen,44.0262 N 88.5508 W,tgs19pe_clum14,PAIRED,PCR,METAGENOMIC,gut metagenome,ILLUMINA,2020-11-12T00:00:00Z,2020-11-12T16:28:00Z,1,tgs19pe_clum14,tgs1720,SRP292375,19pe_clum,19pe
SRR13048223,AMPLICON,301,8076626,PRJNA676170,SAMN16757419,Metagenome or environmental,5669636,UNIVERSITY OF ALASKA ANCHORAGE,2017-09,cecum,public,"run.zq,sra,fastq","ncbi,s3,gs","gs.us-east1,ncbi.public,s3.us-east-1",SRX9497647,USA,North America,"USA: OshKosh\, WI",13-liner grown squirrel,Illumina MiSeq,cecum lumen,44.0262 N 88.5508 W,tgs19pe_clum13,PAIRED,PCR,METAGENOMIC,gut metagenome,ILLUMINA,2020-11-12T00:00:00Z,2020-11-12T16:28:00Z,1,tgs19pe_clum13,tgs1719,SRP292375,19pe_clum,19pe
SRR13048224,AMPLICON,301,6375733,PRJNA676170,SAMN16757418,Metagenome or environmental,4617168,UNIVERSITY OF ALASKA ANCHORAGE,2017-09,cecum,public,"run.zq,sra,fastq","s3,ncbi,gs","s3.us-east-1,ncbi.public,gs.us-east1",SRX9497646,USA,North America,"USA: OshKosh\, WI",13-liner grown squirrel,Illumina MiSeq,cecum lumen,44.0262 N 88.5508 W,tgs19pe_clum12,PAIRED,PCR,METAGENOMIC,gut metagenome,ILLUMINA,2020-11-12T00:00:00Z,2020-11-12T16:28:00Z,1,tgs19pe_clum12,tgs1718,SRP292375,19pe_clum,19pe
SRR13048225,AMPLICON,301,9841042,PRJNA676170,SAMN16757417,Metagenome or environmental,6757543,UNIVERSITY OF ALASKA ANCHORAGE,2017-09,cecum,public,"sra,run.zq,fastq","gs,s3,ncbi","gs.us-east1,s3.us-east-1,ncbi.public",SRX9497645,USA,North America,"USA: OshKosh\, WI",13-liner grown squirrel,Illumina MiSeq,cecum lumen,44.0262 N 88.5508 W,tgs19pe_clum11,PAIRED,PCR,METAGENOMIC,gut metagenome,ILLUMINA,2020-11-12T00:00:00Z,2020-11-12T16:28:00Z,1,tgs19pe_clum11,tgs1711,SRP292375,15pe_clum,15pe
SRR13048226,AMPLICON,301,3688391,PRJNA676170,SAMN16757416,Metagenome or environmental,2511628,UNIVERSITY OF ALASKA ANCHORAGE,2017-08,ileum,public,"run.zq,sra,fastq","ncbi,gs,s3","gs.us-east1,s3.us-east-1,ncbi.public",SRX9497644,USA,North America,"USA: OshKosh\, WI",13-liner grown squirrel,Illumina MiSeq,ileum lumen,44.0262 N 88.5508 W,tgs15pe_ilum11,PAIRED,PCR,METAGENOMIC,gut metagenome,ILLUMINA,2020-11-12T00:00:00Z,2020-11-12T16:28:00Z,1,tgs15pe_ilum11,tgs1710,SRP292375,15pe_ilum,15pe
SRR13048227,AMPLICON,301,3033891,PRJNA676170,SAMN16757415,Metagenome or environmental,2087739,UNIVERSITY OF ALASKA ANCHORAGE,2017-08,ileum,public,"fastq,run.zq,sra","ncbi,gs,s3","ncbi.public,s3.us-east-1,gs.us-east1",SRX9497643,USA,North America,"USA: OshKosh\, WI",13-liner grown squirrel,Illumina MiSeq,ileum lumen,44.0262 N 88.5508 W,tgs15pe_ilum10,PAIRED,PCR,METAGENOMIC,gut metagenome,ILLUMINA,2020-11-12T00:00:00Z,2020-11-12T16:28:00Z,1,tgs15pe_ilum10,tgs1709,SRP292375,15pe_ilum,15pe
SRR13048228,AMPLICON,301,4026582,PRJNA676170,SAMN16757414,Metagenome or environmental,2776467,UNIVERSITY OF ALASKA ANCHORAGE,2017-08,ileum,public,"fastq,sra,run.zq","gs,ncbi,s3","ncbi.public,s3.us-east-1,gs.us-east1",SRX9497642,USA,North America,"USA: OshKosh\, WI",13-liner grown squirrel,Illumina MiSeq,ileum lumen,44.0262 N 88.5508 W,tgs15pe_ilum08,PAIRED,PCR,METAGENOMIC,gut metagenome,ILLUMINA,2020-11-12T00:00:00Z,2020-11-12T16:28:00Z,1,tgs15pe_ilum08,tgs1708,SRP292375,15pe_ilum,15pe
SRR13048229,AMPLICON,301,4977912,PRJNA676170,SAMN16757413,Metagenome or environmental,3366720,UNIVERSITY OF ALASKA ANCHORAGE,2017-08,ileum,public,"fastq,run.zq,sra","ncbi,gs,s3","ncbi.public,gs.us-east1,s3.us-east-1",SRX9497641,USA,North America,"USA: OshKosh\, WI",13-liner grown squirrel,Illumina MiSeq,ileum lumen,44.0262 N 88.5508 W,tgs15pe_ilum07,PAIRED,PCR,METAGENOMIC,gut metagenome,ILLUMINA,2020-11-12T00:00:00Z,2020-11-12T16:28:00Z,1,tgs15pe_ilum07,tgs1707,SRP292375,15pe_ilum,15pe
SRR13048230,AMPLICON,301,12033650,PRJNA676170,SAMN16757377,Metagenome or environmental,8519554,UNIVERSITY OF ALASKA ANCHORAGE,2017-07,cecum,public,"fastq,sra,run.zq","ncbi,s3,gs","gs.us-east1,s3.us-east-1,ncbi.public",SRX9497640,USA,North America,"USA: OshKosh\, WI",13-liner grown squirrel,Illumina MiSeq,cecum lumen,44.0262 N 88.5508 W,tgs11pe_clum04,PAIRED,PCR,METAGENOMIC,gut metagenome,ILLUMINA,2020-11-12T00:00:00Z,2020-11-12T16:28:00Z,1,tgs11pe_clum04,tgs1704,SRP292375,11pe_clum,11pe
SRR13048231,AMPLICON,300,5084715,PRJNA676170,SAMN16757412,Metagenome or environmental,3474753,UNIVERSITY OF ALASKA ANCHORAGE,2017-08,ileum,public,"run.zq,fastq,sra","s3,ncbi,gs","s3.us-east-1,ncbi.public,gs.us-east1",SRX9497639,USA,North America,"USA: OshKosh\, WI",13-liner grown squirrel,Illumina MiSeq,ileum lumen,44.0262 N 88.5508 W,tgs15pe_ilum06,PAIRED,PCR,METAGENOMIC,gut metagenome,ILLUMINA,2020-11-12T00:00:00Z,2020-11-12T16:28:00Z,1,tgs15pe_ilum06,tgs1706,SRP292375,15pe_ilum,15pe
SRR13048232,AMPLICON,300,1937176,PRJNA676170,SAMN16757411,Metagenome or environmental,1384923,UNIVERSITY OF ALASKA ANCHORAGE,2017-08,ileum,public,"sra,run.zq,fastq","gs,ncbi,s3","s3.us-east-1,ncbi.public,gs.us-east1",SRX9497638,USA,North America,"USA: OshKosh\, WI",13-liner grown squirrel,Illumina MiSeq,ileum lumen,44.0262 N 88.5508 W,tgs15pe_ilum05,PAIRED,PCR,METAGENOMIC,gut metagenome,ILLUMINA,2020-11-12T00:00:00Z,2020-11-12T16:28:00Z,1,tgs15pe_ilum05,tgs1705,SRP292375,11pe_ilum,11pe
SRR13048233,AMPLICON,300,2005011,PRJNA676170,SAMN16757410,Metagenome or environmental,1488173,UNIVERSITY OF ALASKA ANCHORAGE,2017-08,ileum,public,"fastq,sra,run.zq","gs,ncbi,s3","ncbi.public,gs.us-east1,s3.us-east-1",SRX9497637,USA,North America,"USA: OshKosh\, WI",13-liner grown squirrel,Illumina MiSeq,ileum mucosa,44.0262 N 88.5508 W,tgs15pe_ilmuc10,PAIRED,PCR,METAGENOMIC,gut metagenome,ILLUMINA,2020-11-12T00:00:00Z,2020-11-12T16:28:00Z,1,tgs15pe_ilmuc10,tgs1710,SRP292375,15pe_ilmuc,15pe
SRR13048234,AMPLICON,300,2377310,PRJNA676170,SAMN16757409,Metagenome or environmental,1707474,UNIVERSITY OF ALASKA ANCHORAGE,2017-08,ileum,public,"sra,fastq,run.zq","gs,ncbi,s3","s3.us-east-1,ncbi.public,gs.us-east1",SRX9497636,USA,North America,"USA: OshKosh\, WI",13-liner grown squirrel,Illumina MiSeq,ileum mucosa,44.0262 N 88.5508 W,tgs15pe_ilmuc09,PAIRED,PCR,METAGENOMIC,gut metagenome,ILLUMINA,2020-11-12T00:00:00Z,2020-11-12T16:28:00Z,1,tgs15pe_ilmuc09,tgs1709,SRP292375,15pe_ilmuc,15pe
SRR13048235,AMPLICON,300,2033314,PRJNA676170,SAMN16757408,Metagenome or environmental,1495413,UNIVERSITY OF ALASKA ANCHORAGE,2017-08,ileum,public,"sra,run.zq,fastq","s3,gs,ncbi","s3.us-east-1,ncbi.public,gs.us-east1",SRX9497635,USA,North America,"USA: OshKosh\, WI",13-liner grown squirrel,Illumina MiSeq,ileum mucosa,44.0262 N 88.5508 W,tgs15pe_ilmuc08,PAIRED,PCR,METAGENOMIC,gut metagenome,ILLUMINA,2020-11-12T00:00:00Z,2020-11-12T16:28:00Z,1,tgs15pe_ilmuc08,tgs1708,SRP292375,15pe_ilmuc,15pe
SRR13048236,AMPLICON,300,5278700,PRJNA676170,SAMN16757407,Metagenome or environmental,3762864,UNIVERSITY OF ALASKA ANCHORAGE,2017-08,ileum,public,"sra,fastq,run.zq","gs,ncbi,s3","s3.us-east-1,ncbi.public,gs.us-east1",SRX9497634,USA,North America,"USA: OshKosh\, WI",13-liner grown squirrel,Illumina MiSeq,ileum mucosa,44.0262 N 88.5508 W,tgs15pe_ilmuc07,PAIRED,PCR,METAGENOMIC,gut metagenome,ILLUMINA,2020-11-12T00:00:00Z,2020-11-12T16:28:00Z,1,tgs15pe_ilmuc07,tgs1707,SRP292375,15pe_ilmuc,15pe
SRR13048237,AMPLICON,300,7470239,PRJNA676170,SAMN16757406,Metagenome or environmental,5014592,UNIVERSITY OF ALASKA ANCHORAGE,2017-08,ileum,public,"fastq,run.zq,sra","s3,ncbi,gs","ncbi.public,gs.us-east1,s3.us-east-1",SRX9497633,USA,North America,"USA: OshKosh\, WI",13-liner grown squirrel,Illumina MiSeq,ileum mucosa,44.0262 N 88.5508 W,tgs15pe_ilmuc06,PAIRED,PCR,METAGENOMIC,gut metagenome,ILLUMINA,2020-11-12T00:00:00Z,2020-11-12T16:28:00Z,1,tgs15pe_ilmuc06,tgs1706,SRP292375,15pe_ilmuc,15pe
SRR13048238,AMPLICON,300,2257488,PRJNA676170,SAMN16757405,Metagenome or environmental,1648998,UNIVERSITY OF ALASKA ANCHORAGE,2017-08,ileum,public,"run.zq,sra,fastq","ncbi,s3,gs","s3.us-east-1,ncbi.public,gs.us-east1",SRX9497632,USA,North America,"USA: OshKosh\, WI",13-liner grown squirrel,Illumina MiSeq,ileum mucosa,44.0262 N 88.5508 W,tgs15pe_ilmuc05,PAIRED,PCR,METAGENOMIC,gut metagenome,ILLUMINA,2020-11-12T00:00:00Z,2020-11-12T16:28:00Z,1,tgs15pe_ilmuc05,tgs1705,SRP292375,11pe_ilmuc,11pe
SRR13048239,AMPLICON,301,12237180,PRJNA676170,SAMN16757404,Metagenome or environmental,8786241,UNIVERSITY OF ALASKA ANCHORAGE,2017-08,cecum,public,"fastq,sra,run.zq","gs,ncbi,s3","s3.us-east-1,gs.us-east1,ncbi.public",SRX9497631,USA,North America,"USA: OshKosh\, WI",13-liner grown squirrel,Illumina MiSeq,cecum mucosa,44.0262 N 88.5508 W,tgs15pe_cmuc09,PAIRED,PCR,METAGENOMIC,gut metagenome,ILLUMINA,2020-11-12T00:00:00Z,2020-11-12T16:28:00Z,1,tgs15pe_cmuc09,tgs1709,SRP292375,15pe_cmuc,15pe
SRR13048240,AMPLICON,301,3688476,PRJNA676170,SAMN16757403,Metagenome or environmental,2661822,UNIVERSITY OF ALASKA ANCHORAGE,2017-08,cecum,public,"fastq,run.zq,sra","s3,gs,ncbi","ncbi.public,s3.us-east-1,gs.us-east1",SRX9497630,USA,North America,"USA: OshKosh\, WI",13-liner grown squirrel,Illumina MiSeq,cecum mucosa,44.0262 N 88.5508 W,tgs15pe_cmuc08,PAIRED,PCR,METAGENOMIC,gut metagenome,ILLUMINA,2020-11-12T00:00:00Z,2020-11-12T16:28:00Z,1,tgs15pe_cmuc08,tgs1708,SRP292375,15pe_cmuc,15pe
SRR13048241,AMPLICON,301,23372349,PRJNA676170,SAMN16757376,Metagenome or environmental,16650878,UNIVERSITY OF ALASKA ANCHORAGE,2017-07,cecum,public,"fastq,run.zq,sra","gs,s3,ncbi","ncbi.public,s3.us-east-1,gs.us-east1",SRX9497629,USA,North America,"USA: OshKosh\, WI",13-liner grown squirrel,Illumina MiSeq,cecum lumen,44.0262 N 88.5508 W,tgs11pe_clum03,PAIRED,PCR,METAGENOMIC,gut metagenome,ILLUMINA,2020-11-12T00:00:00Z,2020-11-12T16:28:00Z,1,tgs11pe_clum03,tgs1703,SRP292375,11pe_clum,11pe
SRR13048242,AMPLICON,301,19135133,PRJNA676170,SAMN16757402,Metagenome or environmental,13626726,UNIVERSITY OF ALASKA ANCHORAGE,2017-08,cecum,public,"run.zq,fastq,sra","gs,ncbi,s3","ncbi.public,s3.us-east-1,gs.us-east1",SRX9497628,USA,North America,"USA: OshKosh\, WI",13-liner grown squirrel,Illumina MiSeq,cecum mucosa,44.0262 N 88.5508 W,tgs15pe_cmuc07,PAIRED,PCR,METAGENOMIC,gut metagenome,ILLUMINA,2020-11-12T00:00:00Z,2020-11-12T16:28:00Z,1,tgs15pe_cmuc07,tgs1707,SRP292375,15pe_cmuc,15pe
SRR13048243,AMPLICON,301,11279998,PRJNA676170,SAMN16757401,Metagenome or environmental,7862063,UNIVERSITY OF ALASKA ANCHORAGE,2017-08,cecum,public,"fastq,sra,run.zq","ncbi,gs,s3","s3.us-east-1,gs.us-east1,ncbi.public",SRX9497627,USA,North America,"USA: OshKosh\, WI",13-liner grown squirrel,Illumina MiSeq,cecum mucosa,44.0262 N 88.5508 W,tgs15pe_cmuc06,PAIRED,PCR,METAGENOMIC,gut metagenome,ILLUMINA,2020-11-12T00:00:00Z,2020-11-12T16:28:00Z,1,tgs15pe_cmuc06,tgs1706,SRP292375,15pe_cmuc,15pe
SRR13048244,AMPLICON,301,21031209,PRJNA676170,SAMN16757400,Metagenome or environmental,14504313,UNIVERSITY OF ALASKA ANCHORAGE,2017-08,cecum,public,"sra,run.zq,fastq","ncbi,gs,s3","gs.us-east1,ncbi.public,s3.us-east-1",SRX9497626,USA,North America,"USA: OshKosh\, WI",13-liner grown squirrel,Illumina MiSeq,cecum mucosa,44.0262 N 88.5508 W,tgs15pe_cmuc05,PAIRED,PCR,METAGENOMIC,gut metagenome,ILLUMINA,2020-11-12T00:00:00Z,2020-11-12T16:28:00Z,1,tgs15pe_cmuc05,tgs1705,SRP292375,11pe_cmuc,11pe
SRR13048245,AMPLICON,301,6859997,PRJNA676170,SAMN16757399,Metagenome or environmental,4743920,UNIVERSITY OF ALASKA ANCHORAGE,2017-08,cecum,public,"run.zq,fastq,sra","s3,ncbi,gs","s3.us-east-1,gs.us-east1,ncbi.public",SRX9497625,USA,North America,"USA: OshKosh\, WI",13-liner grown squirrel,Illumina MiSeq,cecum mucosa,44.0262 N 88.5508 W,tgs15pe_cmuc04,PAIRED,PCR,METAGENOMIC,gut metagenome,ILLUMINA,2020-11-12T00:00:00Z,2020-11-12T16:28:00Z,1,tgs15pe_cmuc04,tgs1704,SRP292375,11pe_cmuc,11pe
SRR13048246,AMPLICON,301,2985293,PRJNA676170,SAMN16757398,Metagenome or environmental,2174335,UNIVERSITY OF ALASKA ANCHORAGE,2017-08,cecum,public,"run.zq,sra,fastq","s3,gs,ncbi","gs.us-east1,s3.us-east-1,ncbi.public",SRX9497624,USA,North America,"USA: OshKosh\, WI",13-liner grown squirrel,Illumina MiSeq,cecum lumen,44.0262 N 88.5508 W,tgs15pe_clum10,PAIRED,PCR,METAGENOMIC,gut metagenome,ILLUMINA,2020-11-12T00:00:00Z,2020-11-12T16:28:00Z,1,tgs15pe_clum10,tgs1710,SRP292375,15pe_clum,15pe
SRR13048247,AMPLICON,301,3611891,PRJNA676170,SAMN16757397,Metagenome or environmental,2637419,UNIVERSITY OF ALASKA ANCHORAGE,2017-08,cecum,public,"fastq,run.zq,sra","s3,gs,ncbi","ncbi.public,gs.us-east1,s3.us-east-1",SRX9497623,USA,North America,"USA: OshKosh\, WI",13-liner grown squirrel,Illumina MiSeq,cecum lumen,44.0262 N 88.5508 W,tgs15pe_clum09,PAIRED,PCR,METAGENOMIC,gut metagenome,ILLUMINA,2020-11-12T00:00:00Z,2020-11-12T16:28:00Z,1,tgs15pe_clum09,tgs1709,SRP292375,15pe_clum,15pe
SRR13048248,AMPLICON,301,22383394,PRJNA676170,SAMN16757396,Metagenome or environmental,15864444,UNIVERSITY OF ALASKA ANCHORAGE,2017-08,cecum,public,"run.zq,sra,fastq","gs,ncbi,s3","s3.us-east-1,ncbi.public,gs.us-east1",SRX9497622,USA,North America,"USA: OshKosh\, WI",13-liner grown squirrel,Illumina MiSeq,cecum lumen,44.0262 N 88.5508 W,tgs15pe_clum08,PAIRED,PCR,METAGENOMIC,gut metagenome,ILLUMINA,2020-11-12T00:00:00Z,2020-11-12T16:28:00Z,1,tgs15pe_clum08,tgs1708,SRP292375,15pe_clum,15pe
SRR13048249,AMPLICON,301,18086229,PRJNA676170,SAMN16757395,Metagenome or environmental,12339375,UNIVERSITY OF ALASKA ANCHORAGE,2017-08,cecum,public,"fastq,run.zq,sra","ncbi,gs,s3","s3.us-east-1,gs.us-east1,ncbi.public",SRX9497621,USA,North America,"USA: OshKosh\, WI",13-liner grown squirrel,Illumina MiSeq,cecum lumen,44.0262 N 88.5508 W,tgs15pe_clum07,PAIRED,PCR,METAGENOMIC,gut metagenome,ILLUMINA,2020-11-12T00:00:00Z,2020-11-12T16:28:00Z,1,tgs15pe_clum07,tgs1707,SRP292375,15pe_clum,15pe
SRR13048250,AMPLICON,301,6027,PRJNA676170,SAMN16757394,Metagenome or environmental,85528,UNIVERSITY OF ALASKA ANCHORAGE,2017-08,cecum,public,"run.zq,sra,fastq","ncbi,gs,s3","ncbi.public,gs.us-east1,s3.us-east-1",SRX9497620,USA,North America,"USA: OshKosh\, WI",13-liner grown squirrel,Illumina MiSeq,cecum lumen,44.0262 N 88.5508 W,tgs15pe_clum06,PAIRED,PCR,METAGENOMIC,gut metagenome,ILLUMINA,2020-11-12T00:00:00Z,2020-11-12T16:28:00Z,1,tgs15pe_clum06,tgs1706,SRP292375,15pe_clum,15pe
SRR13048251,AMPLICON,301,18779179,PRJNA676170,SAMN16757393,Metagenome or environmental,13300536,UNIVERSITY OF ALASKA ANCHORAGE,2017-08,cecum,public,"run.zq,sra,fastq","gs,s3,ncbi","gs.us-east1,ncbi.public,s3.us-east-1",SRX9497619,USA,North America,"USA: OshKosh\, WI",13-liner grown squirrel,Illumina MiSeq,cecum lumen,44.0262 N 88.5508 W,tgs15pe_clum05,PAIRED,PCR,METAGENOMIC,gut metagenome,ILLUMINA,2020-11-12T00:00:00Z,2020-11-12T16:28:00Z,1,tgs15pe_clum05,tgs1705,SRP292375,11pe_clum,11pe
SRR13048252,AMPLICON,300,13458968,PRJNA676170,SAMN16757375,Metagenome or environmental,9238318,UNIVERSITY OF ALASKA ANCHORAGE,2017-07,cecum,public,"sra,run.zq,fastq","ncbi,gs,s3","ncbi.public,gs.us-east1,s3.us-east-1",SRX9497618,USA,North America,"USA: OshKosh\, WI",13-liner grown squirrel,Illumina MiSeq,cecum lumen,44.0262 N 88.5508 W,tgs11pe_clum02,PAIRED,PCR,METAGENOMIC,gut metagenome,ILLUMINA,2020-11-12T00:00:00Z,2020-11-12T16:28:00Z,1,tgs11pe_clum02,tgs1702,SRP292375,11pe_clum,11pe
SRR13048253,AMPLICON,301,2300074,PRJNA676170,SAMN16757392,Metagenome or environmental,1704644,UNIVERSITY OF ALASKA ANCHORAGE,2017-07,ileum,public,"sra,fastq,run.zq","gs,s3,ncbi","s3.us-east-1,gs.us-east1,ncbi.public",SRX9497617,USA,North America,"USA: OshKosh\, WI",13-liner grown squirrel,Illumina MiSeq,ileum lumen,44.0262 N 88.5508 W,tgs11pe_ilum04,PAIRED,PCR,METAGENOMIC,gut metagenome,ILLUMINA,2020-11-12T00:00:00Z,2020-11-12T16:28:00Z,1,tgs11pe_ilum04,tgs1704,SRP292375,11pe_ilum,11pe
SRR13048254,AMPLICON,301,3140787,PRJNA676170,SAMN16757391,Metagenome or environmental,2191632,UNIVERSITY OF ALASKA ANCHORAGE,2017-07,ileum,public,"run.zq,fastq,sra","ncbi,s3,gs","s3.us-east-1,gs.us-east1,ncbi.public",SRX9497616,USA,North America,"USA: OshKosh\, WI",13-liner grown squirrel,Illumina MiSeq,ileum lumen,44.0262 N 88.5508 W,tgs11pe_ilum03,PAIRED,PCR,METAGENOMIC,gut metagenome,ILLUMINA,2020-11-12T00:00:00Z,2020-11-12T16:28:00Z,1,tgs11pe_ilum03,tgs1703,SRP292375,11pe_ilum,11pe
SRR13048255,AMPLICON,301,4702215,PRJNA676170,SAMN16757390,Metagenome or environmental,3417509,UNIVERSITY OF ALASKA ANCHORAGE,2017-07,ileum,public,"fastq,run.zq,sra","ncbi,gs,s3","ncbi.public,gs.us-east1,s3.us-east-1",SRX9497615,USA,North America,"USA: OshKosh\, WI",13-liner grown squirrel,Illumina MiSeq,ileum lumen,44.0262 N 88.5508 W,tgs11pe_ilum02,PAIRED,PCR,METAGENOMIC,gut metagenome,ILLUMINA,2020-11-12T00:00:00Z,2020-11-12T16:28:00Z,1,tgs11pe_ilum02,tgs1702,SRP292375,11pe_ilum,11pe
SRR13048256,AMPLICON,301,5383855,PRJNA676170,SAMN16757389,Metagenome or environmental,3771598,UNIVERSITY OF ALASKA ANCHORAGE,2017-07,ileum,public,"sra,fastq,run.zq","s3,ncbi,gs","s3.us-east-1,gs.us-east1,ncbi.public",SRX9497614,USA,North America,"USA: OshKosh\, WI",13-liner grown squirrel,Illumina MiSeq,ileum lumen,44.0262 N 88.5508 W,tgs11pe_ilum01,PAIRED,PCR,METAGENOMIC,gut metagenome,ILLUMINA,2020-11-12T00:00:00Z,2020-11-12T16:28:00Z,1,tgs11pe_ilum01,tgs1701,SRP292375,11pe_ilum,11pe
SRR13048257,AMPLICON,301,4977121,PRJNA676170,SAMN16757388,Metagenome or environmental,3616906,UNIVERSITY OF ALASKA ANCHORAGE,2017-07,ileum,public,"sra,fastq,run.zq","ncbi,gs,s3","s3.us-east-1,gs.us-east1,ncbi.public",SRX9497613,USA,North America,"USA: OshKosh\, WI",13-liner grown squirrel,Illumina MiSeq,ileum lumen,44.0262 N 88.5508 W,tgs11pe_ilum00,PAIRED,PCR,METAGENOMIC,gut metagenome,ILLUMINA,2020-11-12T00:00:00Z,2020-11-12T16:28:00Z,1,tgs11pe_ilum00,tgs1700,SRP292375,11pe_ilum,11pe
SRR13048258,AMPLICON,300,1257404,PRJNA676170,SAMN16757387,Metagenome or environmental,962085,UNIVERSITY OF ALASKA ANCHORAGE,2017-07,ileum,public,"fastq,run.zq,sra","ncbi,gs,s3","gs.us-east1,ncbi.public,s3.us-east-1",SRX9497612,USA,North America,"USA: OshKosh\, WI",13-liner grown squirrel,Illumina MiSeq,ileum mucosa,44.0262 N 88.5508 W,tgs11pe_ilmuc04,PAIRED,PCR,METAGENOMIC,gut metagenome,ILLUMINA,2020-11-12T00:00:00Z,2020-11-12T16:28:00Z,1,tgs11pe_ilmuc04,tgs1704,SRP292375,11pe_ilmuc,11pe
SRR13048259,AMPLICON,300,2241342,PRJNA676170,SAMN16757386,Metagenome or environmental,1656240,UNIVERSITY OF ALASKA ANCHORAGE,2017-07,ileum,public,"sra,fastq,run.zq","gs,s3,ncbi","gs.us-east1,ncbi.public,s3.us-east-1",SRX9497611,USA,North America,"USA: OshKosh\, WI",13-liner grown squirrel,Illumina MiSeq,ileum mucosa,44.0262 N 88.5508 W,tgs11pe_ilmuc03,PAIRED,PCR,METAGENOMIC,gut metagenome,ILLUMINA,2020-11-12T00:00:00Z,2020-11-12T16:28:00Z,1,tgs11pe_ilmuc03,tgs1703,SRP292375,11pe_ilmuc,11pe
SRR13048260,AMPLICON,300,3406881,PRJNA676170,SAMN16757385,Metagenome or environmental,2495562,UNIVERSITY OF ALASKA ANCHORAGE,2017-07,ileum,public,"fastq,sra,run.zq","gs,ncbi,s3","s3.us-east-1,ncbi.public,gs.us-east1",SRX9497610,USA,North America,"USA: OshKosh\, WI",13-liner grown squirrel,Illumina MiSeq,ileum mucosa,44.0262 N 88.5508 W,tgs11pe_ilmuc02,PAIRED,PCR,METAGENOMIC,gut metagenome,ILLUMINA,2020-11-12T00:00:00Z,2020-11-12T16:28:00Z,1,tgs11pe_ilmuc02,tgs1702,SRP292375,11pe_ilmuc,11pe
SRR13048261,AMPLICON,301,4217,PRJNA676170,SAMN16757384,Metagenome or environmental,83977,UNIVERSITY OF ALASKA ANCHORAGE,2017-07,ileum,public,"sra,fastq,run.zq","gs,s3,ncbi","ncbi.public,gs.us-east1,s3.us-east-1",SRX9497609,USA,North America,"USA: OshKosh\, WI",13-liner grown squirrel,Illumina MiSeq,ileum mucosa,44.0262 N 88.5508 W,tgs11pe_ilmuc01,PAIRED,PCR,METAGENOMIC,gut metagenome,ILLUMINA,2020-11-12T00:00:00Z,2020-11-12T16:28:00Z,1,tgs11pe_ilmuc01,tgs1701,SRP292375,11pe_ilmuc,11pe
SRR13048262,AMPLICON,300,4806126,PRJNA676170,SAMN16757383,Metagenome or environmental,3485357,UNIVERSITY OF ALASKA ANCHORAGE,2017-07,ileum,public,"fastq,run.zq,sra","ncbi,gs,s3","gs.us-east1,s3.us-east-1,ncbi.public",SRX9497608,USA,North America,"USA: OshKosh\, WI",13-liner grown squirrel,Illumina MiSeq,ileum mucosa,44.0262 N 88.5508 W,tgs11pe_ilmuc00,PAIRED,PCR,METAGENOMIC,gut metagenome,ILLUMINA,2020-11-12T00:00:00Z,2020-11-12T16:29:00Z,1,tgs11pe_ilmuc00,tgs1700,SRP292375,11pe_ilmuc,11pe
SRR13048263,AMPLICON,300,10108491,PRJNA676170,SAMN16757374,Metagenome or environmental,7208283,UNIVERSITY OF ALASKA ANCHORAGE,2017-07,cecum,public,"run.zq,sra,fastq","gs,s3,ncbi","ncbi.public,gs.us-east1,s3.us-east-1",SRX9497607,USA,North America,"USA: OshKosh\, WI",13-liner grown squirrel,Illumina MiSeq,cecum lumen,44.0262 N 88.5508 W,tgs11pe_clum01,PAIRED,PCR,METAGENOMIC,gut metagenome,ILLUMINA,2020-11-12T00:00:00Z,2020-11-12T16:29:00Z,1,tgs11pe_clum01,tgs1701,SRP292375,11pe_clum,11pe
SRR13048264,AMPLICON,300,15300193,PRJNA676170,SAMN16757373,Metagenome or environmental,10575123,UNIVERSITY OF ALASKA ANCHORAGE,2017-07,cecum,public,"fastq,run.zq,sra","gs,s3,ncbi","s3.us-east-1,ncbi.public,gs.us-east1",SRX9497606,USA,North America,"USA: OshKosh\, WI",13-liner grown squirrel,Illumina MiSeq,cecum lumen,44.0262 N 88.5508 W,tgs11pe_clum00,PAIRED,PCR,METAGENOMIC,gut metagenome,ILLUMINA,2020-11-12T00:00:00Z,2020-11-12T16:31:00Z,1,tgs11pe_clum00,tgs1700,SRP292375,11pe_clum,11pe
